date,high,low,close,volume
1341522000000.0,3.7764,8.7275,3.3568,13526700
1341781200000.0,8.3914,8.5599,3.7764,11175161
1342386000000.0,5.6892,10.0697,5.6726,32537130
1342990800000.0,6.3275,7.2844,5.706,32541750
1343595600000.0,6.1766,7.1666,6.1766,18797425
1344200400000.0,6.8648,6.9647,6.0089,13273656
1344805200000.0,8.4589,8.6598,6.6794,22746700
1345582800000.0,9.2305,9.7344,8.3914,14407260
1346014800000.0,9.7677,9.9353,7.9215,17937850
1346619600000.0,11.5138,12.2187,9.3648,19908380
1347224400000.0,11.8159,12.4196,11.3119,10737032
1347829200000.0,10.9765,13.1245,10.5736,23440610
1348434000000.0,6.3275,11.2785,6.0587,50972940
1349038800000.0,4.1117,6.8137,3.7254,44533030
1349643600000.0,3.068,4.1451,2.6649,39518240
1350248400000.0,2.6381,3.2429,2.437,27259230
1350853200000.0,2.5714,2.6789,2.5511,3242619
1351548000000.0,2.437,2.7456,2.4232,9414930
1352066400000.0,2.2962,2.4575,2.2287,8847640
1352671200000.0,2.2157,2.3963,2.162,5573785
1353276000000.0,2.262,2.4168,2.1887,9456652
1353880800000.0,2.2287,2.3027,2.2157,5511396
1354485600000.0,2.1815,2.2554,2.1684,2436961
1355090400000.0,2.2824,2.7188,2.1481,32754842
1355695200000.0,2.2351,2.4306,2.2157,14534142
1356300000000.0,2.2083,2.2889,2.1887,5706985
1356904800000.0,2.2083,2.2889,2.1953,4230676
1357509600000.0,2.1953,2.2426,2.1887,3345866
1358114400000.0,2.1953,2.2491,2.1953,4614790
1358719200000.0,2.2018,2.2554,2.175,4258413
1359324000000.0,2.0611,2.222,2.0138,2846016
1359928800000.0,2.0546,2.1212,2.0072,2670650
1360533600000.0,2.262,2.4974,2.0341,24638530
1361138400000.0,2.0211,2.3231,2.0211,9614174
1361743200000.0,2.1083,2.1887,2.0211,5652253
1362348000000.0,2.0944,2.1815,2.0814,4676347
1362952800000.0,2.1351,2.2351,2.0611,9603235
1363557600000.0,2.1083,2.1684,2.0878,3275639
1364162400000.0,2.1147,2.1953,2.0878,4384904
1364763600000.0,2.1083,2.1815,2.1008,2974422
1365368400000.0,2.1212,2.175,2.1008,3016822
1365973200000.0,2.0878,2.1278,2.0611,2736753
1366578000000.0,2.2083,2.4168,2.0878,11023801
1367182800000.0,2.1684,2.4168,2.1481,7214612
1367787600000.0,2.175,2.2491,2.1545,2977112
1368392400000.0,2.1684,2.2083,2.162,2507969
1368997200000.0,2.162,2.3834,2.1416,6486318
1369602000000.0,2.0878,2.1684,2.0748,2522867
1370206800000.0,2.0878,2.1212,1.9138,3280288
1370811600000.0,2.0878,2.1278,2.0138,2053358
1371416400000.0,2.1416,2.1815,2.0072,2681528
1372021200000.0,2.1212,2.1953,2.1008,4587718
1372626000000.0,2.0674,2.1416,2.0481,1154413
1373230800000.0,2.0674,2.0814,2.0138,1306027
1373835600000.0,2.1083,2.162,2.0546,2104183
1374440400000.0,2.0611,2.1416,2.0546,1171764
1375045200000.0,2.0611,2.0944,2.0276,608162
1375650000000.0,2.0814,2.1351,2.0481,638406
1376254800000.0,2.1083,2.2824,2.0611,4421915
1376859600000.0,2.0276,2.1008,2.0072,1007274
1377464400000.0,1.9536,2.0674,1.8795,1089081
1378069200000.0,1.8666,1.9869,1.8599,720925
1378674000000.0,1.9063,1.9406,1.8599,1370329
1379278800000.0,1.9943,2.1147,1.8998,4274104
1379883600000.0,1.96,2.0276,1.9406,2091971
1380488400000.0,1.96,1.9943,1.9138,1443301
1381093200000.0,1.9536,1.9805,1.9267,889918
1381698000000.0,1.96,1.96,1.9406,40100
1382302800000.0,2.0546,2.1083,1.96,3115568
1382911200000.0,2.0211,2.162,2.0072,2717344
1383516000000.0,1.9739,2.2018,1.9739,10212158
1384120800000.0,1.9674,2.0072,1.8868,2024388
1384725600000.0,1.96,2.0007,1.9202,1465150
1385330400000.0,1.9406,1.9869,1.9267,876380
1385935200000.0,1.8998,1.9536,1.8729,1089241
1386540000000.0,1.9267,1.9536,1.8868,1990179
1387144800000.0,1.9943,2.1351,1.7655,8708614
1387749600000.0,1.8462,2.1147,1.772,6112424
1388354400000.0,2.0674,2.0944,1.8795,3313480
1388959200000.0,2.0406,2.162,1.9869,2533371
1389564000000.0,2.0481,2.2018,2.0072,3181113
1390168800000.0,1.9943,2.0748,1.9805,1622343
1390773600000.0,2.0072,2.1083,1.9739,1057754
1391378400000.0,1.9943,2.0674,1.9536,1380808
1391983200000.0,1.9869,2.0138,1.9471,1021548.5
1392588000000.0,2.0007,2.0481,1.9332,1115666
1393192800000.0,1.96,2.0276,1.9332,1086916
1393797600000.0,1.9471,1.9869,1.9406,678577
1394402400000.0,1.8961,1.9906,1.8832,762527
1395007200000.0,1.9805,1.9971,1.7655,1203982
1395612000000.0,2.0481,2.0573,1.9739,1939556
1396216800000.0,2.0748,2.1722,2.0138,1624023
1396818000000.0,2.1914,2.276,2.0546,2028011
1397422800000.0,2.0406,2.2083,2.0239,1659343
1398027600000.0,1.9805,2.0481,1.9637,715523
1398632400000.0,1.9768,2.0034,1.9304,604657
1399237200000.0,1.9805,2.0072,1.9637,463571
1399842000000.0,1.9499,1.9971,1.9332,265353
1400533200000.0,1.9471,1.9943,1.9433,385569
1401051600000.0,1.9674,2.0072,1.9471,532603
1401656400000.0,1.9768,1.9971,1.9572,466067
1402261200000.0,2.0034,2.0406,1.9063,810119
1402866000000.0,2.0138,2.0276,1.9768,429798
1403470800000.0,2.2351,2.259,2.0034,2677156
1404075600000.0,2.2287,2.5344,2.1815,4838455
1404680400000.0,1.9267,2.1815,1.9138,2682343
1405285200000.0,2.0239,2.1518,1.9063,1763027
1405890000000.0,1.9842,2.0406,1.9805,507281
1406754000000.0,1.9536,2.0034,1.9471,149933
1407099600000.0,1.9202,1.9768,1.8896,262453.3
1407704400000.0,1.8729,1.9471,1.8628,246926.7
1408309200000.0,1.8628,1.8932,1.8462,198925.9
1408914000000.0,1.9368,2.0072,1.8599,543832
1409518800000.0,1.9702,2.0138,1.9267,395183.6
1410123600000.0,1.9702,2.0072,1.9536,455496
1410728400000.0,1.9471,2.1481,1.9332,357907
1411333200000.0,1.9202,1.96,1.9036,169763.5
1411938000000.0,2.175,2.1786,1.9138,711136
1412715600000.0,2.1914,2.2157,2.1008,274431.8
1413147600000.0,2.2491,2.2824,2.1545,609531
1413752400000.0,2.5381,2.6818,2.2325,2092691
1414360800000.0,2.6251,2.7724,2.4843,1951485
1414965600000.0,2.7019,2.7622,2.5176,868538
1415570400000.0,2.6483,2.8696,2.6048,664952
1416175200000.0,2.7391,2.826,2.5241,1133471.5
1416780000000.0,3.0382,3.1189,2.6186,1360845
1417384800000.0,2.9975,3.2892,2.8863,1911860
1417989600000.0,3.1485,3.4272,2.9669,2464240
1418594400000.0,3.1855,3.3097,2.7427,726990
1419199200000.0,3.3531,3.4912,3.1318,1717676
1419804000000.0,3.5279,3.6921,3.3097,2581493.2
1420408800000.0,3.4509,3.7929,3.0882,4743689.45
1421013600000.0,3.6587,3.8265,3.4104,2616250.05
1421618400000.0,3.6958,3.7929,3.6084,931554.2
1422223200000.0,3.6756,3.8066,3.4843,960261.75
1422828000000.0,3.7593,3.961,3.6286,3671837.05
1423432800000.0,3.7225,3.7863,3.4943,1145571.2
1424037600000.0,3.7258,3.9274,3.5212,1620708.05
1424642400000.0,3.6251,3.6923,3.558,779917.45
1425247200000.0,3.6486,3.82,3.36,857802.75
1425852000000.0,3.491,3.565,3.2862,580530.8
1426456800000.0,3.558,3.7427,3.2326,333904.5
1427061600000.0,3.7258,3.7796,3.3836,654410.7
1427662800000.0,3.6923,3.9407,3.4204,981264.3
1428267600000.0,4.2128,4.4842,3.3514,895362.1
1428872400000.0,4.1098,4.3532,3.9179,1150497.65
1429477200000.0,4.1659,4.1659,4.0442,589990.2
1430082000000.0,4.2081,4.5311,3.9553,985041
1430686800000.0,4.0724,4.2128,3.9366,514150.3
1431291600000.0,4.2081,4.2081,3.9881,506784.4
1431896400000.0,4.8679,5.0272,4.0582,554233.25
1432501200000.0,4.9149,5.0929,4.7276,2102667.05
1433106000000.0,5.1255,5.383,4.8213,3982249.25
1433710800000.0,5.2472,5.3363,4.6341,1055388.65
1434315600000.0,5.5233,5.5233,5.1537,1113993.25
1434920400000.0,5.6077,6.1506,5.1489,11837942.55
1435525200000.0,5.9727,6.0805,5.5421,6206580.65
1436130000000.0,6.3004,6.4315,5.9213,2493646.05
1436734800000.0,6.2489,6.3285,6.16,1329758.45
1437339600000.0,5.8229,6.3661,5.6263,1416273.1
1437944400000.0,5.3736,5.8978,5.2425,2333784.25
1438549200000.0,5.7153,5.8042,5.3924,1565539.45
1439154000000.0,5.7481,5.7621,5.355,1452134.6
1439758800000.0,5.8042,5.9166,5.5376,2206885.15
1440363600000.0,5.6543,6.3425,5.6169,12181303.45
1440968400000.0,5.5233,5.706,5.2892,3270130.25
1441573200000.0,5.2286,5.514,4.8915,1583656.8
1442178000000.0,5.6077,5.6639,5.1255,1471740.3
1442782800000.0,5.6543,5.706,5.5376,782908.6
1443387600000.0,5.6169,5.7576,5.5233,1538415
1443992400000.0,5.6263,5.6639,5.2425,843072.05
1444597200000.0,5.4298,5.7106,5.3363,1406376.5
1445202000000.0,4.9617,5.6169,4.8679,1978480.1
1445810400000.0,5.0929,5.3736,4.8821,1440506.85
1446411600000.0,5.397,5.6077,5.1021,1938011.75
1447020000000.0,5.1817,5.7761,4.8447,6054875.55
1447624800000.0,4.8679,5.1817,4.7089,4038210.65
1448229600000.0,4.9944,5.9914,4.4936,22120332.15
1448834400000.0,4.5388,5.3725,4.2979,10014061.54
1449439200000.0,3.8441,4.6129,3.6588,5860956.92
1450044000000.0,4.1219,4.1682,3.7885,5689385.38
1450648800000.0,4.437,4.4832,4.0757,7294851.84
1451253600000.0,4.5573,4.6222,4.3257,3627127.61
1451858400000.0,4.2609,4.5759,4.2054,2335593.34
1452463200000.0,4.0664,4.2424,3.9645,2310272.3
1453068000000.0,3.8441,4.1498,3.8256,1361473.56
1453672800000.0,3.8256,3.9553,3.7422,1657400.05
1454277600000.0,3.6311,3.9553,3.6032,2697074.66
1454882400000.0,3.2049,3.6588,3.1865,1471724.16
1455487200000.0,3.4552,3.6774,3.0013,3987948.7
1456092000000.0,3.3439,3.5292,3.2329,2470427.64
1456696800000.0,3.4087,3.4552,3.279,2229904.78
1457301600000.0,3.2513,3.4643,3.2419,2467400.62
1457906400000.0,3.3717,3.381,3.1678,2405831.02
1458511200000.0,3.7422,3.9367,3.3717,11091010.95
1459112400000.0,4.6222,4.6778,3.7237,8970714.36
1459717200000.0,4.2701,4.6778,4.2331,5855890.33
1460322000000.0,4.2886,4.4277,4.2424,2341484.32
1460926800000.0,4.3072,4.3999,4.1682,2621876.72
1461531600000.0,3.9737,4.4091,3.9553,2928564.02
1462136400000.0,3.7702,4.0107,3.5663,4081300.05
1462741200000.0,3.7515,4.1405,3.7052,6147665.37
1463346000000.0,3.8256,3.9831,3.6867,3016282.64
1463950800000.0,3.8905,3.9276,3.7144,1816735.5
1464555600000.0,3.9923,4.1313,3.8534,3357175.26
1465160400000.0,4.3536,4.6778,3.9831,5786344.3
1465765200000.0,3.7977,4.4463,3.5755,4433876.62
1466370000000.0,4.0664,4.0664,3.7885,3696303.02
1466974800000.0,3.8812,4.3536,3.8626,2350250.77
1467579600000.0,3.8441,3.9831,3.7977,479302.61
1468184400000.0,4.0478,4.1219,3.7885,2363624.03
1468789200000.0,3.381,3.9831,3.0661,4240971.57
1469394000000.0,3.6124,3.6311,3.3625,2619648.68
1469998800000.0,3.4736,3.696,3.4272,1573341.12
1470603600000.0,3.5384,3.6774,3.4736,1526359.12
1471208400000.0,3.4552,3.6124,3.3994,1661527.65
1471813200000.0,3.3994,3.7422,3.2699,1307934.02
1472418000000.0,3.3717,3.4272,3.3162,921341.31
1473022800000.0,3.3717,3.52,3.3346,755444.77
1473973200000.0,3.307,3.3902,3.2513,452633.27
1474232400000.0,3.381,3.4459,3.2699,1051972.96
1474837200000.0,3.4366,3.4459,3.2049,2184523.01
1475442000000.0,3.4366,3.52,3.3439,2116204.76
1476046800000.0,3.3162,3.4459,3.2606,1415829.26
1476651600000.0,3.3439,3.3994,3.2606,1463749.82
1477256400000.0,3.2606,3.3625,3.2606,1168802.24
1477861200000.0,2.927,3.279,2.9085,1511986.35
1478466000000.0,2.9549,3.1031,2.8807,716828.47
1479070800000.0,2.9641,2.9826,2.8623,912512.39
1479675600000.0,2.6863,3.0013,2.6399,1133840.04
1480280400000.0,2.399,2.7141,2.1767,1655511.58
1480885200000.0,2.3713,2.464,2.3342,1543792.02
1481490000000.0,2.4268,2.5102,2.3621,1317192.61
1482094800000.0,2.3713,2.4547,2.3621,666048.81
1482699600000.0,2.853,3.2883,2.3621,15417757.19
1483304400000.0,2.5381,3.2513,2.5194,14356047.37
1483909200000.0,2.5843,2.677,2.4731,8451715.67
1484514000000.0,2.5566,2.6491,2.5381,4547660.19
1485118800000.0,2.5011,2.6121,2.5011,2872850.47
1485723600000.0,2.5659,2.5751,2.4918,2480107.37
1486328400000.0,2.6214,2.7047,2.5473,5263716.37
1486933200000.0,2.5937,2.6584,2.5751,2408360.49
1487538000000.0,2.5659,2.6863,2.5473,3620124.77
1488142800000.0,2.6214,2.7141,2.5751,5295687.07
1488747600000.0,2.6121,2.6676,2.5566,4016176.34
1489352400000.0,2.6399,2.6676,2.5843,2800973.47
1489957200000.0,2.6029,2.6584,2.5843,3167685.13
1490562000000.0,2.5843,2.6306,2.5566,1792557.12
1491166800000.0,2.6306,3.0289,2.5751,27125050.41
1491771600000.0,2.5751,2.6863,2.5566,5693765.54
1492376400000.0,2.6121,2.6584,2.5843,2812730.43
1492981200000.0,2.7141,2.8436,2.6214,6704834.92
1493672400000.0,2.6584,2.7417,2.6399,1788835.53
1494190800000.0,2.6399,2.7233,2.6399,1917764.48
1494795600000.0,2.6029,2.6676,2.5751,1660707.45
1495400400000.0,2.6584,2.7326,2.6029,3495662.63
1496005200000.0,2.6584,2.7047,2.6306,2137573.25
1496610000000.0,2.7233,2.7788,2.6306,4401629.82
1497214800000.0,2.677,2.7788,2.6399,2586669.68
1497819600000.0,2.677,2.7788,2.6491,2115187.81
1498597200000.0,2.7233,2.7603,2.6863,1317360.35
1499029200000.0,2.7512,2.8899,2.677,6957495.35
1499634000000.0,3.0846,3.2235,2.7512,16749884.45
1500238800000.0,2.9919,3.1123,2.9456,5157406.57
1500843600000.0,2.9734,3.1123,2.9734,3445770.15
1501448400000.0,3.0196,3.1217,2.9734,3525274.7
1502053200000.0,2.9723,3.1039,2.8594,2809121.15
1502658000000.0,2.6713,2.9534,2.6055,4835573.61
1503262800000.0,2.6901,2.7652,2.6431,2412030.64
1503867600000.0,2.6901,2.7088,2.6619,474019.45
1504558800000.0,2.6901,2.8029,2.6713,2397156.97
1505077200000.0,2.7088,2.8123,2.6713,3098951.93
1505682000000.0,2.6149,2.7748,2.5959,2476431.57
1506286800000.0,2.5959,2.6055,2.4927,1078583.38
1506891600000.0,2.6149,2.6808,2.5865,1344123.68
1507496400000.0,2.5959,2.6055,2.3608,1133042.65
1508101200000.0,2.6242,2.6335,2.5772,1081248.81
1508706000000.0,2.6055,2.7088,2.5959,2260854.66
1509310800000.0,2.5679,2.6431,2.5584,1234239.02
1509915600000.0,2.5207,2.6149,2.4927,1395547.77
1510520400000.0,2.3045,2.5584,2.2763,1455729.76
1511125200000.0,2.4078,2.6335,2.1822,3046539.08
1511730000000.0,2.3045,2.5959,2.2574,1859041.48
1512334800000.0,2.3702,2.4267,2.2951,1848742.69
1512939600000.0,2.4455,2.5584,2.3608,2848047.76
1513544400000.0,2.4643,2.5207,2.4078,1783024.31
1514149200000.0,2.4927,2.5865,2.4455,2146350.87
1514840400000.0,2.4927,2.5302,2.455,1289921.13
1515358800000.0,2.502,2.6149,2.4643,2168136.81
1515963600000.0,2.4737,2.549,2.3797,1664193.47
1516568400000.0,2.5207,2.5584,2.4455,1407528.65
1517173200000.0,2.5113,2.5396,2.4831,1155104.65
1517778000000.0,2.502,2.5396,2.3421,918357.33
1518382800000.0,2.4737,2.5113,2.4362,730280.82
1518987600000.0,2.5396,2.6149,2.4078,3771818.7
1519592400000.0,2.5772,2.7372,2.549,5311542.99
1520197200000.0,2.549,2.6335,2.5302,1177588.34
1520802000000.0,2.5302,2.5679,2.502,1116599.16
1521406800000.0,2.502,2.5584,2.455,1457788.63
1522011600000.0,2.4927,2.6055,2.4362,1603696.86
1522616400000.0,2.502,2.5959,2.4362,1490842.28
1523221200000.0,2.3421,2.5584,2.2481,1683299.91
1523826000000.0,2.4267,2.5302,2.3045,1385822.27
1524517200000.0,2.3608,2.4455,2.3421,616694.11
1525035600000.0,2.3139,2.3984,2.2763,687134.94
1525640400000.0,2.2199,2.3702,2.0223,821802.46
1526245200000.0,2.3232,2.5865,2.2574,3899974.63
1526850000000.0,2.2009,2.3421,2.1163,1084975.19
1527454800000.0,2.2103,2.2951,2.1822,770788.58
1528059600000.0,2.2574,2.2667,2.0975,694923.46
1528664400000.0,2.1822,2.2857,2.1634,309760.45
1529269200000.0,2.1634,2.2951,1.9564,934288.52
1529874000000.0,2.4173,2.4455,2.2103,1360549.94
1530478800000.0,2.4362,2.5584,2.389,1345568.43
1531083600000.0,2.2763,2.455,2.1163,876030.22
1531688400000.0,2.3045,2.3514,2.1822,932033.57
1532293200000.0,2.2857,2.5113,2.1163,2250781.6
1532898000000.0,2.3421,2.3984,2.2857,762920.25
1533502800000.0,2.4342,2.5881,2.3139,2180175.45
1534107600000.0,2.2418,2.4437,2.1745,1532295.4
1534712400000.0,2.2706,2.2898,2.2514,35406.55
1535317200000.0,2.3476,2.3765,2.2609,1012665.67
1535922000000.0,2.3379,2.3669,2.3092,765362.85
1536526800000.0,2.6459,2.7997,2.2802,20628713.17
1537131600000.0,2.5784,2.6747,2.5016,3456792.72
1537736400000.0,2.6362,3.021,2.5593,11728066.82
1538341200000.0,2.5304,2.6747,2.4053,5711774.72
1538946000000.0,2.54,2.617,2.4726,1890441.01
1539550800000.0,2.5881,2.7805,2.5304,4124750.51
1540155600000.0,2.8382,3.3866,2.617,38247263.71
1540846800000.0,2.7997,3.2617,2.7709,13024685.68
1541365200000.0,3.6754,4.012,2.7805,45742337.9
1541970000000.0,3.4829,4.1179,3.4733,29891339.04
1542574800000.0,3.3001,3.6464,3.2617,13764723.11
1543179600000.0,3.252,3.4348,3.0307,4580487.11
1543784400000.0,3.2328,3.4348,3.2231,5424987.62
1544389200000.0,2.9537,3.2905,2.9152,5455159.13
1544994000000.0,3.1173,3.3481,2.9441,6512292.01
1545598800000.0,3.1269,3.3578,3.1076,4300011.91
1546203600000.0,3.021,3.2135,2.973,1558826.47
1546808400000.0,3.0018,3.0788,2.9152,2466162.6
1547413200000.0,3.252,3.3481,2.9441,5646731.53
1548018000000.0,3.6079,3.81,3.252,16240063.08
1548622800000.0,3.4348,3.7523,3.2808,5069316.54
1549227600000.0,3.3481,3.5694,3.3193,3094497.8
1549832400000.0,3.4156,3.4636,3.3193,2219139.23
1550437200000.0,3.9255,3.964,3.4059,9126604.31
1551042000000.0,4.2815,4.3296,3.8774,10030953.56
1551646800000.0,3.9928,4.4066,3.9351,5708563.21
1552251600000.0,3.7812,4.0602,3.7042,4540611.18
1552856400000.0,3.9351,4.2333,3.7907,6901972.48
1553461200000.0,3.6464,4.012,3.3674,4082744.42
1554066000000.0,3.6561,3.7907,3.3386,3558413.41
1554670800000.0,3.7812,4.1563,3.5887,5992360.12
1555275600000.0,3.7812,3.9832,3.6079,6633733.53
1555880400000.0,3.531,3.7812,3.3674,4008559.63
1556485200000.0,3.4541,3.7042,3.4444,3005347.47
1557090000000.0,3.1943,3.4251,3.1366,3984745.66
1557694800000.0,3.1366,3.252,2.9825,2251215.4
1558299600000.0,3.1173,3.1653,2.7518,3637912.52
1558904400000.0,3.1366,3.2328,3.0885,1936610.95
1559509200000.0,3.1846,3.2038,3.098,766865.09
1560114000000.0,3.1846,3.3578,3.1558,1981529.62
1560718800000.0,3.3674,3.4156,3.1558,3371481.77
1561323600000.0,3.2595,3.4853,3.23,2215674.21
1561928400000.0,3.4166,3.4655,3.279,3071715.49
1562533200000.0,3.2987,3.5245,3.2397,2813573.41
1563224400000.0,3.9663,4.0154,3.2693,13033410.41
1563742800000.0,3.8092,4.251,3.6718,12910689.74
1564347600000.0,3.5442,3.9663,3.5049,6863756.17
1564952400000.0,3.7307,3.9663,3.5049,11102457.88
1565816400000.0,3.6718,3.7994,3.6521,2577370.17
1566162000000.0,3.878,4.0056,3.6521,10863440.69
1566766800000.0,4.1332,4.2805,3.7895,10071081.08
1567371600000.0,4.2706,4.4081,4.1332,8156382.86
1567976400000.0,4.251,4.3885,4.1921,3603575.07
1568581200000.0,4.8008,4.9776,4.2118,11756496.93
1569186000000.0,4.8105,4.8892,4.6143,4718916.34
1569790800000.0,4.7714,4.8499,4.575,4289182.8
1570395600000.0,4.5063,4.9971,4.2216,8641170.73
1571000400000.0,4.3099,4.4572,4.0253,6732036.24
1571605200000.0,4.5651,4.5651,4.2216,4996309.14
1572210000000.0,4.7026,5.0168,4.3001,19689639.73
1572814800000.0,4.683,4.8499,4.5947,8039342.66
1573419600000.0,5.2721,5.3996,4.6044,22533714.17
1574024400000.0,5.9494,6.3815,5.3014,35991171.83
1574629200000.0,5.8612,6.0672,5.4487,16134092.11
1575234000000.0,6.0477,6.3815,5.7925,19543832.9
1575838800000.0,6.0967,6.2243,5.8807,13410915.55
1576443600000.0,6.3029,6.7643,6.0477,19616869.47
1577048400000.0,6.2047,6.3815,6.0967,8866709.91
1577653200000.0,6.0477,6.4501,5.8612,7842172.4
1578258000000.0,6.077,6.2343,5.4487,9504379.56
1578862800000.0,6.5385,6.9312,6.1261,23468360.29
1579467600000.0,7.2454,7.4613,6.6367,26197364.72
1580072400000.0,7.6479,8.3645,7.0688,25570427.43
1580677200000.0,7.7853,8.6984,7.4712,25962192.87
1581282000000.0,7.854,8.1192,7.4516,19716438.47
1581886800000.0,7,7.8639,6.1753,14561657.2
1582491600000.0,6.1066,7.0688,5.4782,7122940.48
1583096400000.0,6.2636,7,6.1066,14538866.58
1583701200000.0,4.5063,5.9887,4.0546,11951128.62
1584306000000.0,3.9271,4.3689,3.6718,7685124.92
1584910800000.0,4.9678,5.3996,3.6521,25759585.14
1585515600000.0,5.1444,5.2623,4.7419,19814745.82
1586120400000.0,5.7237,5.8218,5.1836,23030967.47
1586725200000.0,5.7139,5.9397,5.38,16232633.43
1587330000000.0,6.1557,6.2832,5.6452,19454750.28
1587934800000.0,7.5106,8.1093,6.3127,39035224.3
1588539600000.0,7.4418,7.6578,6.8723,22783980.95
1589144400000.0,9.8177,10.8682,7.5498,91303145.41
1589749200000.0,10.6423,11.0841,9.2481,59582704.81
1590526800000.0,9.5133,10.9564,9.2383,30096810.41
1590958800000.0,9.5427,9.7685,8.8358,36049495.26
1591563600000.0,9.3463,9.7391,8.8849,25638422.45
1592168400000.0,9.1794,9.5919,9.0322,31863061.99
1592773200000.0,9.0123,9.6705,8.8637,29179901.54
1593378000000.0,9.666,9.8045,9.0222,40312155.16
1593982800000.0,9.1609,10.1611,8.8935,32213208.96
1594587600000.0,9.8343,9.9927,9.1311,15108834.87
1595192400000.0,9.7847,10.5474,9.5074,27385524.59
1595797200000.0,9.3588,10.0522,9.0618,9924260.15
1596488400000.0,8.725,9.6065,7.5366,13052465.96
1597006800000.0,8.3487,8.8142,7.9624,6552467.04
1597611600000.0,9.0518,9.1113,8.2299,8541579.85
1598216400000.0,8.834,9.2797,8.6756,12661008.18
1598821200000.0,8.626,8.9132,8.3389,10830895.17
1599426000000.0,9.3588,9.656,8.6558,27163423.04
1600030800000.0,11.9537,12.528,9.2301,80604411.96
1600635600000.0,16.0736,16.0736,11.4783,100135300.48
1601240400000.0,17.3214,23.4914,16.539,164147709.54
1601845200000.0,18.6187,23.016,17.2818,163385279.27
1602450000000.0,17.3709,18.6187,16.8064,25173246.31
1603054800000.0,17.6878,18.5198,17.3313,20023332.12
1603659600000.0,13.4293,17.7077,13.3599,72455653.81
1604264400000.0,16.539,16.539,13.3698,104105334.18
1604869200000.0,16.8956,19.7973,15.6973,99674273.27
1605474000000.0,16.7172,17.6779,16.331,12716665.58
1606078800000.0,17.2223,19.0446,16.6974,42186518.18
1606683600000.0,16.5884,17.4798,15.925,32612648.37
1607288400000.0,16.6281,17.3808,16.143,33514276.07
1607893200000.0,16.1231,17.0738,15.9844,26957190.97
1608498000000.0,16.4895,17.3808,15.6476,38683710.17
1609102800000.0,16.9549,18.7377,16.549,66621775.38
1609707600000.0,17.0441,17.569,16.539,42987963.12
1610312400000.0,18.4207,19.411,17.0838,122660391.78
1610917200000.0,22.184,25.9673,19.1437,207898758.21
1611522000000.0,22.3227,24.1252,19.421,145984939.5
1612126800000.0,22.6396,23.7489,21.7087,25339077.48
1612731600000.0,22.4614,23.2735,21.8077,23222827.58
1613336400000.0,23.2339,25.9475,20.8372,147488947.48
1613941200000.0,19.9062,23.6696,18.8168,53801629.74
1614546000000.0,20.8174,21.7483,19.0049,29312294.49
1615150800000.0,20.4608,20.9363,19.9855,10641716.16
1615755600000.0,21.3125,24.7392,20.5004,88899085.56
1616360400000.0,20.5004,21.7285,17.2719,45053493.07
1616965200000.0,20.6788,21.3918,19.4606,38121355.78
1617570000000.0,19.9062,21.5899,19.4408,34541825.8
1618174800000.0,18.5396,19.9062,17.2322,18180667.41
1618779600000.0,17.4601,18.7377,15.8458,12445817.1
1619384400000.0,18.183,18.9159,16.4399,16866299.36
1619989200000.0,18.2227,19.3121,17.9255,24449332.92
1620594000000.0,17.7176,18.7474,17.4798,9252309.45
1621198800000.0,18.2623,18.906,17.7275,15137241.32
1621803600000.0,17.1233,18.381,16.8064,9998941.1
1622408400000.0,17.3115,18.2424,16.737,14114625.14
1623013200000.0,17.2916,17.5888,16.6677,11484939.96
1623618000000.0,17.2223,17.5195,16.9054,10822717.99
1624222800000.0,17.0144,17.4303,16.5291,11099349.62
1624827600000.0,16.4598,17.2916,16.1131,6619286.29
1625432400000.0,16.1527,16.9352,16.0142,10237283.26
1626037200000.0,15.6476,16.2023,15.2614,5425480.06
1626642000000.0,15.8854,16.1924,15.4496,1518388.09
1627246800000.0,16.1726,17.1034,15.7665,17970284.49
1627851600000.0,16.7678,17.1759,16.1231,23808817.88
1628456400000.0,16.0708,17.0167,15.772,10811122.76
1629061200000.0,16.2997,16.6283,15.9413,18085328.99
1629666000000.0,16.4092,18.1119,16.1305,51668414.53
1630357200000.0,16.469,16.8673,16.0806,9669166.65
1630875600000.0,16.1405,16.927,16.1305,12289200.5
1631480400000.0,15.8816,16.5188,15.7521,7012347.51
1632085200000.0,15.314,16.0209,15.1945,6832614.65
1632690000000.0,16.0608,16.6084,14.3581,35944656.65
1633294800000.0,16.7279,17.3551,15.1347,46070984.63
1633899600000.0,15.9612,17.3551,15.7322,30671255.08
1634504400000.0,16.0708,16.2101,15.5828,11118720.96
1635109200000.0,15.7621,16.2798,15.4932,14350033.74
1635714000000.0,15.7023,16.001,15.1945,13204505.66
1636318800000.0,15.553,16.1703,15.3738,13829402.35
1636923600000.0,16.1803,16.1803,15.2741,16620987.47
1637528400000.0,17.1262,17.8232,16.0408,40129354.5
1638133200000.0,20.5116,20.5116,17.0963,60862654.69
1638738000000.0,20.3125,24.1957,19.9938,131342291.92
1639342800000.0,18.2712,20.9098,18.2712,53267091.41
1639947600000.0,18.0721,19.4163,16.7279,20874584.33
1640552400000.0,17.8232,18.9085,17.5345,17451502.82
1641157200000.0,19.028,19.6951,17.7932,32902717.36
1641762000000.0,20.89,21.3878,18.7393,56479019.77
1642366800000.0,20.7107,22.2043,20.1332,60552315.16
1642971600000.0,19.9739,20.8103,18.7193,26371161.51
1643576400000.0,21.567,21.9056,19.9141,46094189.64
1644181200000.0,28.1586,30.8669,21.9056,319999685.84
1644786000000.0,28.1387,29.6323,25.9481,166758519.54
1645390800000.0,24.2753,28.8556,22.0251,71429042.6
1645995600000.0,23.9766,26.0477,23.0805,75755044.08
1646600400000.0,23.5385,24.3948,23.1004,47725748.68
1647205200000.0,24.9723,25.1715,23.3394,57915987.34
1647810000000.0,28.9153,28.9153,24.9723,112610076.54
1648414800000.0,27.9794,29.4729,26.7049,90477393.6
1649019600000.0,37.3589,40.605,27.7006,378518168.82
1649624400000.0,36.2836,41.3219,35.4671,249761043.4
1650229200000.0,35.4871,37.7971,34.4714,79208218.58
1650834000000.0,44.548,47.2165,37.4386,189354599.36
1651698000000.0,43.6518,45.8623,42.1981,16035937.4
1652043600000.0,53.1708,55.212,42.0985,73569068.43
1652648400000.0,51.279,54.3656,48.4511,35472508.64
1653253200000.0,50.781,53.2703,48.7697,27425474.79
1653858000000.0,49.9845,52.2249,47.2363,33975498.37
1654462800000.0,56.9047,59.7424,49.5464,64066029.37
1655067600000.0,50.781,56.8549,49.7256,73065441.62
1655672400000.0,51.4283,53.2206,48.3117,85508651.55
1656277200000.0,45.9818,52.5236,44.6475,63881346.21
1656882000000.0,45.1089,47.4355,43.0943,45806457.64
1657659600000.0,45.4484,47.8645,45.1089,22575188.76
1658091600000.0,48.5634,50.2707,44.8293,69226312.62
1658696400000.0,48.4436,50.3207,46.9859,61783910.93
1659301200000.0,51.4189,54.4142,47.8645,130886591.57
1659906000000.0,48.3837,52.1178,46.946,80742038.57
1660510800000.0,47.2655,48.9229,46.9061,46252661.14
1661115600000.0,47.0458,48.204,45.9076,49286458.48
1661720400000.0,48.3438,48.8031,45.5881,67397412.92
1662325200000.0,46.946,48.9229,46.4468,79655224.28
1662930000000.0,52.1678,54.0148,46.1273,132912962.97
1663534800000.0,49.5419,55.0133,47.9444,90973081.47
1664139600000.0,48.9029,50.9696,46.0474,50176879.03
1664744400000.0,58.6575,58.6575,47.9844,101546176.73
1665349200000.0,62.7012,68.2424,57.8089,286890630.65
1665954000000.0,61.3533,63.7994,59.606,161044253.95
1666558800000.0,58.5078,65.5467,56.9103,176727905.9
1667163600000.0,58.7074,61.0038,55.9119,137533559.65
1667768400000.0,62.0023,63.2503,57.0101,194852414.25
1668373200000.0,71.8867,79.8741,62.9008,396659861.35
1668978000000.0,76.1799,79.3749,70.389,244306516.35
1669582800000.0,81.2719,81.2719,70.6386,247058948.35
1670187600000.0,83.8678,86.7632,75.8804,296683018.85
1670792400000.0,81.7711,88.0612,79.2251,220419586
1671397200000.0,78.5262,81.5714,75.8804,99619395.55
1672002000000.0,76.729,79.924,72.9849,75670263.75
1672606800000.0,70.1893,78.3764,61.9024,71584308.1
1673211600000.0,70.4889,78.5262,63.2503,187938423.05
1673816400000.0,80.4232,83.069,70.389,162816102.45
1674421200000.0,76.1799,85.8646,73.6838,207148467
1675026000000.0,77.8772,79.4248,65.946,142690821.85
1675630800000.0,66.8446,77.5777,66.1457,60913757.05
1676408400000.0,67.893,80.2235,65.8961,76022561.15
1676840400000.0,68.6917,70.6386,66.1956,67111813.8
1677445200000.0,68.0927,70.8882,65.8961,87836350.6
1678050000000.0,69.1909,71.8367,67.4936,104477574.5
1678654800000.0,66.3454,69.1909,65.8462,79262029.15
1679259600000.0,68.9912,69.8399,61.4032,102732857.05
1679864400000.0,63.1005,71.8867,62.4515,53740433.35
1680469200000.0,61.9024,63.4,59.9555,48038244.95
1681074000000.0,64.2487,68.3922,61.9024,67516939.25
1681678800000.0,63.6996,66.6449,63.0506,26649539.6
1682283600000.0,56.9602,64.7978,55.9618,29236291.25
1682974800000.0,50.4205,58.0085,49.4221,32068109.44
1683493200000.0,50.5204,53.2161,49.3422,34424988.25
1684098000000.0,53.4158,55.0632,46.4268,29218427.3
1684702800000.0,52.3175,57.8588,49.9213,43403017.5
1685307600000.0,60.7542,62.6512,53.0663,65164984.65
1685912400000.0,62.801,64.2986,58.8572,78154015.25
1686517200000.0,61.9024,64.2986,59.656,52024565.8
1687122000000.0,64.9476,66.7448,57.4095,94030966.3
1687726800000.0,78.5761,78.5761,65.1473,70587753.95
1688331600000.0,83.2687,90.8568,77.8772,277994951.7
1688936400000.0,88.6602,93.0034,80.1736,270289068
1689541200000.0,91.356,97.4963,86.3638,229752250.65
1690146000000.0,95.15,99.6429,87.8615,223198467.2
1690750800000.0,91,97.95,88.3,197038788.35
1691355600000.0,86.35,93.7,80,127574506.05
1691960400000.0,87.8,92,84.9,145602103.6
1692565200000.0,89.8,94.6,87.1,126368840.25
1693170000000.0,95,107.6,88.55,184687078.75
1693774800000.0,101.3,120.4,92,564532276.75
1694379600000.0,95.6,103.2,91.35,164777962.3
1694984400000.0,98.55,102.8,93,151334032.1
1695589200000.0,101.1,104.8,97.6,155298123.4
1696194000000.0,104,115.2,99.5,238444496.4
1696798800000.0,116.5,142.3,99.2,637374296.75
1697403600000.0,127.1,145.8,115.4,1026376158.9
1698008400000.0,122.6,131,106.8,521800038.1
1698008406000.0,121.5,131,119.8,145377111.8
1698094800000.0,122,126.4,120.1,102404687.2
1698181200000.0,111.8,124,111.8,72688004.7
1698267600000.0,121.4,122.9,106.8,107431733.6
1698354000000.0,122.6,128,118.5,93898500.8
1698613200000.0,119.1,124.6,117.3,59842959.5
1698699600000.0,115.4,119.3,111.9,35748692.7
1698786000000.0,111,117.5,107.5,36520355.8
1698872400000.0,113,116,109.9,42205769.6
1698958800000.0,124.3,124.3,118,86092027
1699218000000.0,136.7,136.7,128.2,132609232.2
1699304400000.0,150.3,150.3,137.1,210031261.2
1699390800000.0,148.2,163,142.3,350563803.4
1699477200000.0,138.7,155,135.4,44774579.5
1699563600000.0,140.7,145.1,133.8,35675824.2
1699822800000.0,136,140.3,133.8,27725419.3
1699909200000.0,132.9,135.8,129.2,17608771.1
1699995600000.0,130.5,133.2,128.5,17428773.3
1700082000000.0,128.9,132.2,127.5,13580792.4
1700168400000.0,139.3,140,128.9,33733901.6
1700427600000.0,139,144.2,134,29718786.9
1700514000000.0,139.5,142.5,135.6,20608264.5
1700600400000.0,138.5,139.5,136.5,18783442
1700686800000.0,138.5,142,135.5,19621709.7
1700773200000.0,136.7,138.9,134.4,18749857.1
1701032400000.0,136.9,139,133.7,14298512.7
1701118800000.0,136.7,139,134.8,16346387
1701205200000.0,133,136.4,133,13459362.7
1701291600000.0,138.2,138.9,130.5,20622656.8
1701378000000.0,137,139.8,132.2,18125084.8
1701637200000.0,136.7,139.9,134.1,18157302.3
1701723600000.0,138.5,139.3,135.4,18691826.6
1701810000000.0,147,150,138,44481285.8
1701896400000.0,142,146.9,139.6,26832107.2
1701982800000.0,140.1,143.9,138.5,18343255.6
1702242000000.0,135.5,139.9,132.1,41884924.7
1702328400000.0,130.6,135.5,130.1,28634786.1
1702414800000.0,127,140,127,71767539.1
1702501200000.0,128.8,133,125.1,30919845.3
1702587600000.0,127.1,131.8,125.4,31516699.1
1702846800000.0,118.8,129.7,118.8,31876821.5
1702933200000.0,116.3,120.9,115.2,25759633.1
1703019600000.0,113,123,112,32901563.9
1703106000000.0,113.7,115,111,18598961.7
1703192400000.0,109.6,114.4,107.1,27736439.8
1703451600000.0,103.2,111.3,100.3,14398087.6
1703538000000.0,99.7,105.5,99,26738342.4
1703624400000.0,89.75,97.75,89.75,122188990.75
1703710800000.0,96.6,97.5,90.85,60015896.7
1703797200000.0,106.2,106.2,97,65887220.9
1704142800000.0,116.8,116.8,105.8,91158007
1704229200000.0,117.3,128.4,114.6,134025168.2
1704315600000.0,124.3,126.5,118,70864967.7
1704402000000.0,129.4,132,124.9,53352624.3
1704661200000.0,128.5,135,124.8,54683191.3
1704747600000.0,119.5,128.6,118.1,68024853.3
1704834000000.0,120.3,124,118.8,40872467.1
1704920400000.0,117.3,122,117,30981758.2
1705006800000.0,117.2,118.3,113,33147879.6
1705266000000.0,118.4,122.4,117.2,35270358.7
1705352400000.0,116.1,119.3,115.7,22094249.3
1705438800000.0,115.9,117.8,115.6,16855074.4
1705525200000.0,117.5,119,115.9,25472301.8
1705611600000.0,117.2,119.2,116,14597732.7
1705870800000.0,116,118.5,115.5,17748215.1
1705957200000.0,117.4,121.9,116.1,41269329.9
1706043600000.0,117.3,118.7,115.2,26786441.9
1706130000000.0,125,126.9,117,88407192.6
1706216400000.0,122.9,127.1,122.5,48027955
1706475600000.0,122.2,126.9,121.8,62007459.8
1706562000000.0,129.8,133.5,122.2,112978872.9
1706648400000.0,132,138.3,129.5,90387814.2
1706734800000.0,133.7,134,129.3,50168778.9
1706821200000.0,131.1,134.8,130.4,31492654.4
1707080400000.0,132.5,133.8,128.1,46865045.2
1707166800000.0,135.7,140.9,130,75713655.8
1707253200000.0,149.2,149.2,136.5,120815246.5
1707339600000.0,145.7,157.1,143.7,127148636.3
1707426000000.0,144.7,150.8,141.9,50798359.4
1707685200000.0,140.6,146.7,140,64775459.6
1707771600000.0,136.2,143.9,135.9,48782514.1
1707858000000.0,141.2,143,135.5,63979589.2
1707944400000.0,140.8,144.8,139.8,52119378.5
1708030800000.0,145,152.1,139.1,135853532.7
1708290000000.0,140.8,149.4,140.5,65453686.5
1708376400000.0,154.8,154.8,140.8,117974027.6
1708462800000.0,150,162.8,148.8,149985971.1
1708549200000.0,165,165,150.3,118650972.3
1708635600000.0,174.9,181.5,168.2,300622515.1
1708894800000.0,180,187.9,173,183050012.4
1708981200000.0,170.9,184,169.5,79736170.6
1709067600000.0,173.5,187,165.3,126431208.8
1709154000000.0,173.1,179,168.8,65985952.9
1709240400000.0,168.4,177.5,166,72030362.3
1709499600000.0,174.5,185.2,168.4,121475978.6
1709586000000.0,177.9,185,170,86156012.6
1709672400000.0,170,195.6,169.9,269627818.3
1709758800000.0,176.4,178.3,170,101666159.4
1709845200000.0,172,179.9,169.5,56423228.1
1710104400000.0,172.4,177.3,171.8,52536892.2
1710190800000.0,171.1,177.8,167.6,53185749.9
1710277200000.0,170.7,175.5,167.2,46959754.3
1710363600000.0,166.7,173.5,166,37631899.5
1710450000000.0,168.3,169.8,164.8,37632692.7
1710709200000.0,154.1,170,154.1,42971676.4
1710795600000.0,163,169,153,74196057.9
1710882000000.0,168.6,172,163,58909437.1
1710968400000.0,157.2,173,157.2,47033209.5
1711054800000.0,163.7,165.9,156,46844169.4
1711314000000.0,159.2,164.2,158.2,32935042.7
1711400400000.0,148.6,160.1,148.1,43167818.5
1711486800000.0,147,152.5,146.6,24695857.1
1711573200000.0,147,150.5,146.4,22510253.8
1711659600000.0,150.1,152.9,143,26214900.2
1711918800000.0,148.4,154.6,142.6,24984131.5
1712005200000.0,145.1,154.1,143.7,31521479
1712091600000.0,141.3,146.5,140.2,24695527.5
1712178000000.0,142,145.5,140.1,21212226.8
1712264400000.0,148.2,148.9,142.5,21827610.5
1712523600000.0,157,159,149.2,28695558.7
1712610000000.0,161.9,166,156.5,29310896.1
1713128400000.0,162.6,165.8,156,52721073.2
1713214800000.0,154,162.1,151.8,38098172
1713301200000.0,158.9,163.7,154.5,43547984.9
1713387600000.0,160.6,164,155.8,32872007.3
1713474000000.0,165.3,165.4,156.3,42553833.4
1713733200000.0,162.7,169.7,161.2,36521935.5
1713906000000.0,164.4,171.5,161.9,46161191.3
1713992400000.0,161.8,165.9,160.4,30235009.5
1714078800000.0,169.1,172,161.6,57057405.3
1714338000000.0,169.9,176.6,168,62125955.5
1714424400000.0,177.9,183.5,170.2,98369415.1
1714597200000.0,165.6,169.1,160.9,147989940.6
1714683600000.0,163,167.8,161.6,49138440.1
1714942800000.0,161.5,163.4,160,42645503.1
1715029200000.0,159.1,161.6,157.3,33141688.6
1715115600000.0,157,160,156,22843740.1
1715202000000.0,154.9,159.9,154.8,30981877.5
1715288400000.0,159.8,161.7,151.5,32059838.5
1715547600000.0,153.9,161.4,153.5,20427436.2
1715634000000.0,153.8,155.4,152.5,13651778.2
1715720400000.0,153.4,158.2,152.4,21340191
1715806800000.0,156,156.4,153.5,17799439.5
1715893200000.0,155,157.2,154,20234485.1
1716152400000.0,153.9,156.4,151.5,25921941.6
1716238800000.0,151.8,155.2,150.7,24960118.9
1716325200000.0,154.6,154.8,150.6,25643951
1716411600000.0,154.8,156.3,152.2,18705124.7
1716498000000.0,154.1,157,153.1,19709473.9
1716757200000.0,147.4,154.1,145.2,28432962.3
1716843600000.0,145.7,149.1,145,16071607.8
1716930000000.0,142.9,146.7,142.5,14049520.5
1717016400000.0,145,146.1,142.2,13857444.4
1717102800000.0,145.2,147,144.1,12553185.3
1717362000000.0,140.4,145,140,16916244.7
1717448400000.0,144,145.4,140.2,18915873.5
1717534800000.0,139.2,144,137.4,23603297.2
1717621200000.0,135,141,135,14232877.4
1717707600000.0,132.1,136.6,131,12393907.3
1717966800000.0,130,132.5,128.7,9462396.4
1718053200000.0,131.1,133.1,128.4,15019410.8
1718139600000.0,128.7,138.3,127.9,37664815.9
1718226000000.0,131.5,132.8,129,12430785.5
1718312400000.0,134,138.4,132.6,19136314.7
1718830800000.0,146.3,147,134,45691183.5
1718917200000.0,143.6,147,142,21304717.5
1719176400000.0,138,142.9,136.2,22226789.3
1719262800000.0,137.3,139,136.3,9981272.4
1719349200000.0,132.2,137,131.5,12108492.7
1719435600000.0,133,133.4,131.7,9349744.8
1719522000000.0,133.5,134.8,131.6,14629213.1
1719781200000.0,129.7,134.4,127,14364814.6
1719867600000.0,135.9,137,127,14465906.8
1719954000000.0,133.3,137.1,132.9,8702467.7
1720040400000.0,139.2,141,135,47502068.9
1720126800000.0,136.7,139.2,135.9,11896022.8
1720386000000.0,139.4,141,136.7,13418211.1
1720472400000.0,138.4,140.1,137,7832719.5
1720558800000.0,135,139.2,132.5,11541284.4
1720645200000.0,139.1,139.2,135,8966149.9
1720731600000.0,139.4,140.7,136.1,11987254.7
1721077200000.0,144.3,145.2,138.8,26484651.4
1721163600000.0,143.4,147.4,142.4,18588693.2
1721250000000.0,143.3,144.8,141.5,16788972.2
1721336400000.0,140,143.9,140,10097541.2
1721595600000.0,142.3,142.5,139.7,12498210.7
1721682000000.0,146.3,146.3,142.2,23511834.8
1721768400000.0,144.3,150.6,144,26271550.2
1721854800000.0,138.1,145,138.1,18814443.2
1721941200000.0,138.1,139.3,137.3,12935576.9
1722200400000.0,134.2,138.1,133.9,12477806.4
1722286800000.0,143,145,133.9,58570792.6
1722373200000.0,139,143.7,138.1,20004971.8
1722459600000.0,139.6,141.2,139,24947170.6
1722546000000.0,137.5,142.7,136.1,29451886.5
1722805200000.0,128.2,133.5,125.3,20763112.4
1722891600000.0,129,133.1,127.2,22035625.6
1722978000000.0,130.2,132.2,126.7,16259672.8
1723064400000.0,131.8,133.9,130,13115489.5
1723150800000.0,129,134,128.8,12816002.8
1723410000000.0,125.7,131.4,125.6,15903852.6
1723496400000.0,125.6,127.7,119.3,14489869.5
1723582800000.0,126,128.4,124.6,10892525.2
1723669200000.0,127.4,127.9,123.8,14890909
1723755600000.0,124.8,128.2,124.4,11512114
1724014800000.0,127.4,127.7,124.5,12801773.7
1724101200000.0,117.4,123.7,116.6,49700132.3
1724187600000.0,113.6,118.1,113.2,20531648.1
1724274000000.0,111.5,115.2,111,14905724.3
1724360400000.0,108.5,112.5,107.5,13495326.3
1724619600000.0,104.3,110.3,103.7,16216924.9
1724706000000.0,105.5,106.3,100,9742233.4
1724792400000.0,104.4,107.3,103.7,12038019.3
1724878800000.0,107.5,107.5,103.5,12623628
1725224400000.0,112.1,112.6,108,19078211.6
1725310800000.0,110.5,115,110.4,13854257.2
1725397200000.0,107.5,111.7,107.5,10367871.4
1725483600000.0,118.2,118.2,107.5,56355304.5
1725570000000.0,130,130,117.4,177108596.4
1725829200000.0,129.1,143,127.4,284391008.6
1725915600000.0,130,139.7,121.9,152103427.1
1726002000000.0,126.5,136.8,124.9,82339732.4
1726088400000.0,123,131.2,118.3,42495318.4
1726174800000.0,123.5,125,121,23938634.5
1726434000000.0,120.7,125.4,120.5,22556886.8
1726520400000.0,119,124.1,118.2,28549066
1726606800000.0,120,121.5,117.7,20226579.1
1726693200000.0,121.5,122.6,120.2,18645515.5
1726779600000.0,121,125,120,26297495.1
1727038800000.0,118.9,121.9,118.5,14209632.2
1727125200000.0,118.6,119.5,116.5,9615415.7
1727211600000.0,116.9,121.1,116.1,15896251.3
1727298000000.0,115.2,117.9,114.4,6648928
1727384400000.0,115.7,116.5,114,7900579.6
1727643600000.0,114.7,119,113.8,10465589.9
1727730000000.0,107.7,114,107.3,21185545.5
1727816400000.0,107.2,110.4,105.6,15630571.7
1727902800000.0,108,110.2,106.2,9017236.7
1727989200000.0,110,111,106,7172695.4
1728248400000.0,112.3,118,110,28378941
1728334800000.0,110.8,113.8,110,13170136.2
1728421200000.0,109.3,111.5,107.1,13189553
1728507600000.0,108.5,110.6,108,8176119.6
1728594000000.0,106.5,109.7,106.4,7402479.6
1728853200000.0,106.3,109.4,104.9,10978442.6
1728939600000.0,111,111,106.6,15773210.8
1729026000000.0,109.8,113,109.8,12803962
1729112400000.0,113.5,114.8,109.8,17540887.2
1729198800000.0,110.8,116.8,110,18117457.1
1729458000000.0,108.6,111.7,108,7281778.9
1729544400000.0,109.2,110.1,107.8,9741024.1
1729630800000.0,109,111.4,107.4,12143981.3
1729666200000.0,109.2,109.2,109.2,15288
1729666800000.0,110.6,110.9,108.2,1487066.5
1729667400000.0,109.5,110.9,109.5,590865.6
1729668000000.0,110.2,110.3,109.5,274842.9
1729668600000.0,109.6,110.2,109,666464.4
1729669200000.0,109.5,109.5,109.1,268481.3
1729669800000.0,109.3,109.9,109.3,101202.2
1729670400000.0,109.8,109.8,109.2,168141
1729671000000.0,109.7,109.9,109.5,231360.1
1729671600000.0,110.2,110.3,109.7,548059.9
1729672200000.0,110.4,110.4,110.1,58202.1
1729672800000.0,109.9,110.5,109.9,121523.1
1729673400000.0,109.7,110.1,109.7,25056.8
1729674000000.0,110,110.1,110,17276.4
1729674600000.0,110.2,110.2,109.8,147848.4
1729675200000.0,110.5,110.5,109.8,338746.5
1729675800000.0,110.5,111.4,110.2,1059933.5
1729676400000.0,110.4,110.7,110.2,47883.7
1729677000000.0,110.6,110.6,110.3,86349
1729677600000.0,110.5,110.5,110,200042.8
1729678200000.0,110.1,110.4,110.1,27374.5
1729678800000.0,109.7,110.1,109.7,368242.6
1729679400000.0,109.9,110,109.6,166434.9
1729680000000.0,109.7,110,109.5,20872.9
1729680600000.0,109.4,109.6,109.4,182547.2
1729681200000.0,109.7,109.9,109.3,98606.3
1729681800000.0,109.6,109.7,109.4,11945.4
1729682400000.0,109.4,109.7,109.4,155563.4
1729683000000.0,109.7,109.7,109.3,87985.2
1729683600000.0,109.6,109.7,109.4,35845.6
1729684200000.0,109.7,109.7,109.6,28071.9
1729684800000.0,110.2,110.2,109.7,252627.6
1729685400000.0,110.2,110.2,109.9,7713.7
1729686000000.0,110.3,110.3,110,120463.7
1729686600000.0,110.1,110.5,110.1,128373.6
1729687200000.0,110,110.3,110,218321.1
1729687800000.0,109.5,110.2,109.4,466419.3
1729688400000.0,109.5,109.5,109.2,364434.1
1729689000000.0,108.7,109.5,108.7,618606.8
1729689600000.0,107.5,108.9,107.4,427438.2
1729690200000.0,108.1,108.4,107.4,303534.4
1729690800000.0,108.3,108.6,107.9,229229.4
1729691400000.0,108.3,108.7,107.8,307662.5
1729692000000.0,107.9,108.3,107.8,138322.3
1729692600000.0,108.1,108.2,108,268277
1729693200000.0,108.1,108.4,108,300948.4
1729693800000.0,108.6,108.6,108.1,19094.4
1729694400000.0,108.9,108.9,108.3,176690.7
1729695000000.0,109,109,108.2,115517
1729695600000.0,109,109,109,42183
